novela/Título,novela/Autor,novela/Serie,novela/Vol.,novela/Editorial,novela/Idioma,novela/Notas,manga/Manga,manga/Tomo,manga/Guión,manga/Dibujo,manga/Editorial,manga/Idioma,revistas/Revista,revistas/Publicación,revistas/País
El Testamento Maya,"Alten, Steve",El Testamento Maya,1,Grijalbo,spa,,No. 6,001,Atsuko Asano,Hinoki Kino,Ivrea,spa,Cherry,3/2024,JPN
La Resurrección Maya,"Alten, Steve",El Testamento Maya,2,Grijalbo,spa,,No. 6,002,Atsuko Asano,Hinoki Kino,Ivrea,spa,,,
Assassin's Creed,"Bowden, Oliver",Assassin's Creed,,La Esfera de los Libros,spa,,No. 6,003,Atsuko Asano,Hinoki Kino,Ivrea,spa,,,
Ángeles y demonios,"Brown, Dan",Robert Langdon,1,Umbriel,spa,,No. 6,004,Atsuko Asano,Hinoki Kino,Ivrea,spa,,,
El Código DaVinci,"Brown, Dan",Robert Langdon,2,Umbriel,spa,,No. 6,005,Atsuko Asano,Hinoki Kino,Ivrea,spa,,,
El Símbolo Perdido,"Brown, Dan",Robert Langdon,3,Booket,spa,,No. 6,006,Atsuko Asano,Hinoki Kino,Ivrea,spa,,,
Inferno,"Brown, Dan",Robert Langdon,4,Planeta,spa,,No. 6,007,Atsuko Asano,Hinoki Kino,Ivrea,spa,,,
Origen,"Brown, Dan",Robert Langdon,5,Planeta,spa,,No. 6,008,Atsuko Asano,Hinoki Kino,Ivrea,spa,,,
La Conspiración,"Brown, Dan",,,Umbriel,spa,,No. 6,009,Atsuko Asano,Hinoki Kino,Ivrea,spa,,,
La Fortaleza Digital,"Brown, Dan",,,Umbriel,spa,,IDOLiSH7 - Re:member,001,Bunta Tsushimi,Arina Tanemura,Hakusensha,jp,,,
Alicia en el País de las Maravillas y a Través del Espejo,"Carrol, Lewis",,,Alianza Editorial,spa,,IDOLiSH7 - Re:member,002,Bunta Tsushimi,Arina Tanemura,Hakusensha,jp,,,
Los Juegos del Hambre,"Collins, Suzanne",Los Juegos del Hambre,1,RBA,spa,,IDOLiSH7 - Re:member,003,Bunta Tsushimi,Arina Tanemura,Hakusensha,jp,,,
En Llamas,"Collins, Suzanne",Los Juegos del Hambre,2,RBA,spa,,IDOLISH7,001,Bunta Tsushimi,Arina Tanemura,ECC,spa,,,
Sinsajo,"Collins, Suzanne",Los Juegos del Hambre,3,RBA,spa,,IDOLISH7,002,Bunta Tsushimi,Arina Tanemura,ECC,spa,,,
Sherlock Holmes: Estudio en Escarlata,"Conan Doyle, Sir Arthur",Sherlock Holmes,,DeBolsillo,spa,,IDOLISH7 - TRIGGER,001,Bunta Tsushimi,Arina Tanemura,ECC,spa,,,
Sherlock Holmes: Novelas,"Conan Doyle, Sir Arthur",Sherlock Holmes,,Penguin Clásicos,spa,,SOLANIN integral,001,Inio Asano,Inio Asano,Norma Editorial,spa,,,
Sherlock Holmes: Relatos 1,"Conan Doyle, Sir Arthur",Sherlock Holmes,,Penguin Clásicos,spa,,Los Apuntes de Vánitas,001,Jun Mochizuki,Jun Mochizuki,Norma Editorial,spa,,,
Sherlock Holmes: Relatos 2,"Conan Doyle, Sir Arthur",Sherlock Holmes,,Penguin Clásicos,spa,,Los Apuntes de Vánitas,002,Jun Mochizuki,Jun Mochizuki,Norma Editorial,spa,,,
The Sherlock Holmes Complete Collection,"Conan Doyle, Sir Arthur",Sherlock Holmes,,Vintage Classics,spa,,Los Apuntes de Vánitas,003,Jun Mochizuki,Jun Mochizuki,Norma Editorial,spa,,,
The Case Files of Sherlock Holmes,,Sherlock Holmes,,Andre Deutsch,en,,Los Apuntes de Vánitas,004,Jun Mochizuki,Jun Mochizuki,Norma Editorial,spa,,,
La Biblioteca de los Muertos,"Cooper, Glenn",La Biblioteca de los Muertos,1,DeBolsillo,spa,,Los Apuntes de Vánitas,005,Jun Mochizuki,Jun Mochizuki,Norma Editorial,spa,,,
El Fin de los Escribas,"Cooper, Glenn",La Biblioteca de los Muertos,3,DeBolsillo,spa,,Los Apuntes de Vánitas,006,Jun Mochizuki,Jun Mochizuki,Norma Editorial,spa,,,
El Violinista de Praga,"Crane, Michael",,,DeBolsillo,spa,,Los Apuntes de Vánitas,007,Jun Mochizuki,Jun Mochizuki,Norma Editorial,spa,,,
El Hombre en el Castillo,"Dick, Phillip K.",,,Booket,spa,,Los Apuntes de Vánitas,008,Jun Mochizuki,Jun Mochizuki,Norma Editorial,spa,,,
Grandes Esperanzas,"Dickens, Charles",,,Penguin Clásicos,spa,,Los Apuntes de Vánitas,009,Jun Mochizuki,Jun Mochizuki,Norma Editorial,spa,,,
Los Papeles Póstumos del Club Pitwick,"Dickens, Charles",,,Penguin Clásicos,spa,,Los Apuntes de Vánitas,010,Jun Mochizuki,Jun Mochizuki,Norma Editorial,spa,,,
Nuestro Amigo Común,"Dickens, Charles",,,Penguin Clásicos,spa,,Los Apuntes de Vánitas,011,Jun Mochizuki,Jun Mochizuki,Norma Editorial,spa,,,
Oliver Twist,"Dickens, Charles",,,Penguin Clásicos,spa,,Los Apuntes de Vánitas,011 Special Edition,Jun Mochizuki,Jun Mochizuki,Norma Editorial,spa,,,
La Catedral del Mar,"Falcones, Ildefonso",,,Grijalbo,spa,,Qualia bajo la Nieve,001,Kanna Kii,Kanna Kii,Milky Way Ediciones,spa,,,
La Mano de Fátima,"Falcones, Ildefonso",,,DeBolsillo,spa,,Aunque no Pueda Hacer Magia,001,Kanna Kii,Kanna Kii,Milky Way Ediciones,spa,,,
Los Pilares de la Tierra,"Follet, Ken",Los Pilares de la Tierra,1,DeBolsillo,spa,,Un Extraño a la Orilla del Mar,001,Kanna Kii,Kanna Kii,Milky Way Ediciones,spa,,,
El Canto del Cuco,"Galbraith, Robert",Cormoran Strike,1,Booket,spa,,Un Extraño en Primavera,001,Kanna Kii,Kanna Kii,Milky Way Ediciones,spa,,,
Alas de Fuego,"Gallego, Laura",Ahriel,1,Minotauro,spa,,Un Extraño en Primavera,002,Kanna Kii,Kanna Kii,Milky Way Ediciones,spa,,,
Alas Negras,"Gallego, Laura",Ahriel,2,Minotauro,spa,,Un Extraño en Primavera,003,Kanna Kii,Kanna Kii,Milky Way Ediciones,spa,,,
La Resistencia,"Gallego, Laura",Memorias de Idhún,1,SM,spa,,Un Extraño en Primavera,004,Kanna Kii,Kanna Kii,Milky Way Ediciones,spa,,,
Tríada,"Gallego, Laura",Memorias de Idhún,2,SM,spa,,Un Extraño en Primavera,005,Kanna Kii,Kanna Kii,Milky Way Ediciones,spa,,,
Panteón,"Gallego, Laura",Memorias de Idhún,3,SM,spa,,Un Extraño en Primavera,006,Kanna Kii,Kanna Kii,Milky Way Ediciones,spa,,,
How to Stop Time,"Haig, Matt",,,Canongate,en,,You Are in the Blue Summer,001,Nagisa Furuya,Nagisa Furuya,Milky Way Ediciones,spa,,,
El Laberinto de la Rosa,"Hardie, Titania",,,Suma,spa,,Banana Fish,001,Akimi Yoshida,Akimi Yoshida,Panini Manga,spa,,,
El Castillo Ambulante,"Jones Wynne, Diana",Howl,1,Berenice,spa,,Bakuman,001,Tsugumi Ohba,Takeshi Obata,Norma Editorial,spa,,,
El Sol bajo la Seda,"Marchal, Eric",,,DeBolsillo,spa,,Bakuman,002,Tsugumi Ohba,Takeshi Obata,Norma Editorial,spa,,,
The Child in Time,"McEwan, Ian",,,Vintage,en,,Bakuman,003,Tsugumi Ohba,Takeshi Obata,Norma Editorial,spa,,,
El Ocho,"Neville, Katherine",Catherine Velis,1,DeBolsillo,spa,,Bakuman,004,Tsugumi Ohba,Takeshi Obata,Norma Editorial,spa,,,
El Fuego,"Neville, Katherine",Catherine Velis,2,DeBolsillo,spa,,Bakuman,005,Tsugumi Ohba,Takeshi Obata,Norma Editorial,spa,,,
Luces del Norte,"Pullman, Phillip",La Materia Oscura,1,Editorial B,spa,,Bakuman,006,Tsugumi Ohba,Takeshi Obata,Norma Editorial,spa,,,
La Daga,"Pullman, Phillip",La Materia Oscura,2,Editorial B,spa,,Bakuman,007,Tsugumi Ohba,Takeshi Obata,Norma Editorial,spa,,,
El Catalejo Lacado,"Pullman, Phillip",La Materia Oscura,3,Editorial B,spa,,Bakuman,008,Tsugumi Ohba,Takeshi Obata,Norma Editorial,spa,,,
El Nombre del Viento,"Rothfuss, Patrick",La Crónica del Asesino de Reyes,1,DeBolsillo,spa,,Bakuman,009,Tsugumi Ohba,Takeshi Obata,Norma Editorial,spa,,,
El Temor de un Hombre Sabio,"Rothfuss, Patrick",La Crónica del Asesino de Reyes,2,DeBolsillo,spa,,Bakuman,010,Tsugumi Ohba,Takeshi Obata,Norma Editorial,spa,,,
La Música del Silencio,"Rothfuss, Patrick",,,Salamandra,spa,,Bakuman,011,Tsugumi Ohba,Takeshi Obata,Norma Editorial,spa,,,
Harry Potter and the Philosopher's Stone,"Rowling, J. K.",Harry Potter,1,Bloomsbury,en,Ed. Especial Ravenclaw,Bakuman,012,Tsugumi Ohba,Takeshi Obata,Norma Editorial,spa,,,
Harry Potter y La Piedra Filosofal,"Rowling, J. K.",Harry Potter,1,Salamandra,spa,,Bakuman,013,Tsugumi Ohba,Takeshi Obata,Norma Editorial,spa,,,
Harry Potter y la Cámara de los Secretos,"Rowling, J. K.",Harry Potter,2,Salamandra,spa,,Bakuman,014,Tsugumi Ohba,Takeshi Obata,Norma Editorial,spa,,,
Harry Potter y el Prisionero de Azkaban,"Rowling, J. K.",Harry Potter,3,Salamandra,spa,,Bakuman,015,Tsugumi Ohba,Takeshi Obata,Norma Editorial,spa,,,
Harry Potter y el Cáliz de Fuego,"Rowling, J. K.",Harry Potter,4,Salamandra,spa,,Bakuman,016,Tsugumi Ohba,Takeshi Obata,Norma Editorial,spa,,,
Harry Potter y la Órden del Fénix,"Rowling, J. K.",Harry Potter,5,Salamandra,spa,,Bakuman,017,Tsugumi Ohba,Takeshi Obata,Norma Editorial,spa,,,
Harry Potter y el Misterio del Príncipe,"Rowling, J. K.",Harry Potter,6,Salamandra,spa,,Bakuman,018,Tsugumi Ohba,Takeshi Obata,Norma Editorial,spa,,,
Harry Potter y las Reliquias de la Muerte,"Rowling, J. K.",Harry Potter,7,Salamandra,spa,,Bakuman,019,Tsugumi Ohba,Takeshi Obata,Norma Editorial,spa,,,
La Sombra del Viento,"Ruíz Zafón, Carlos",El Cementerio de los Libros Olvidados,1,Planeta,spa,,Bakuman,020,Tsugumi Ohba,Takeshi Obata,Norma Editorial,spa,,,
El Juego del Ángel,"Ruíz Zafón, Carlos",El Cementerio de los Libros Olvidados,2,Planeta,spa,,Soul Eater,001,Atsushi Ohkubo,Atsushi Ohkubo,Norma Editorial,spa,,,
Frankenstein,"Shelley, Mary",,,Anaya,spa,,Soul Eater,002,Atsushi Ohkubo,Atsushi Ohkubo,Norma Editorial,spa,,,
La Isla del Tesoro,"Stevenson, Robert Louis",,,Penguin Clásicos,spa,,Soul Eater,003,Atsushi Ohkubo,Atsushi Ohkubo,Norma Editorial,spa,,,
Harry Potter y el Legado Maldito,"Tiffany, John; Thorne, Jack",,,Salamandra,spa,,Soul Eater,004,Atsushi Ohkubo,Atsushi Ohkubo,Norma Editorial,spa,,,
La Comunidad del Anillo,"Tolkien, John Ronald Reuel",El Señor de los Anillos,1,Minotauro,spa,,Soul Eater,005,Atsushi Ohkubo,Atsushi Ohkubo,Norma Editorial,spa,,,
Las Dos Torres,"Tolkien, John Ronald Reuel",El Señor de los Anillos,2,Minotauro,spa,,Soul Eater,006,Atsushi Ohkubo,Atsushi Ohkubo,Norma Editorial,spa,,,
El Retorno del Rey,"Tolkien, John Ronald Reuel",El Señor de los Anillos,3,Minotauro,spa,,Soul Eater,007,Atsushi Ohkubo,Atsushi Ohkubo,Norma Editorial,spa,,,
Cuentos Inconclusos de Númenor y la Tierra Media,"Tolkien, John Ronald Reuel",,,Minotauro,spa,,Soul Eater,008,Atsushi Ohkubo,Atsushi Ohkubo,Norma Editorial,spa,,,
O Hobbit,"Tolkien, John Ronald Reuel",,,Xerais,spa,,Soul Eater,009,Atsushi Ohkubo,Atsushi Ohkubo,Norma Editorial,spa,,,
El Silmarillion,"Tolkien, John Ronald Reuel",,,Minotauro,spa,,Soul Eater,010,Atsushi Ohkubo,Atsushi Ohkubo,Norma Editorial,spa,,,
La Mujer de las Nueve Lunas,"Torres Ripa, Carmen",,,DeBolsillo,spa,,Soul Eater,011,Atsushi Ohkubo,Atsushi Ohkubo,Norma Editorial,spa,,,
El Camino de las Sombras,"Weeks, Brent",El Ángel de la Noche,1,DeBolsillo,spa,,Soul Eater,012,Atsushi Ohkubo,Atsushi Ohkubo,Norma Editorial,spa,,,
Al Filo de las Sombras,"Weeks, Brent",El Ángel de la Noche,2,DeBolsillo,spa,,Soul Eater,013,Atsushi Ohkubo,Atsushi Ohkubo,Norma Editorial,spa,,,
Más allá de las Sombras,"Weeks, Brent",El Ángel de la Noche,3,DeBolsillo,spa,,Soul Eater,014,Atsushi Ohkubo,Atsushi Ohkubo,Norma Editorial,spa,,,
La Sal de la Tierra,"Wolf, Daniel",Saga de la familia Fleury,1,DeBolsillo,spa,,Soul Eater,015,Atsushi Ohkubo,Atsushi Ohkubo,Norma Editorial,spa,,,
La Luz de la Tierra,"Wolf, Daniel",Saga de la familia Fleury,2,DeBolsillo,spa,,Soul Eater,016,Atsushi Ohkubo,Atsushi Ohkubo,Norma Editorial,spa,,,
El Oro del Mar,"Wolf, Daniel",Saga de la familia Fleury,3,DeBolsillo,spa,,Soul Eater,017,Atsushi Ohkubo,Atsushi Ohkubo,Norma Editorial,spa,,,
La Plaga del Cielo,"Wolf, Daniel",Saga de la familia Fleury,4,DeBolsillo,spa,,Soul Eater,018,Atsushi Ohkubo,Atsushi Ohkubo,Norma Editorial,spa,,,
The Wit and Wisdom of Sherlock Holmes,,,,Prion,spa,,Soul Eater,019,Atsushi Ohkubo,Atsushi Ohkubo,Norma Editorial,spa,,,
Sabikui Bisco vol. 1,Shinji Cobkubo,Sabikui Bisco,1,Yen ON,en,,Soul Eater,020,Atsushi Ohkubo,Atsushi Ohkubo,Norma Editorial,spa,,,
Sabikui Bisco vol. 2: Blood Pressure! Super Monk Kelshinha,Shinji Cobkubo,Sabikui Bisco,2,Yen ON,en,,Soul Eater,021,Atsushi Ohkubo,Atsushi Ohkubo,Norma Editorial,spa,,,
"Sabikui Bisco vol. 3: Urban Life-style ""Tokyo""",Shinji Cobkubo,Sabikui Bisco,3,Yen ON,en,,Soul Eater,022,Atsushi Ohkubo,Atsushi Ohkubo,Norma Editorial,spa,,,
Rimas y Leyendas,"Becquer, Gustavo Adolfo",,,,spa,,Soul Eater,023,Atsushi Ohkubo,Atsushi Ohkubo,Norma Editorial,spa,,,
Convenience Store Woman,Sayaka Murata,,,Granta,en,,Soul Eater,024,Atsushi Ohkubo,Atsushi Ohkubo,Norma Editorial,spa,,,
Ready Player One,Ernest Cline,,,Anagrama,spa,,Soul Eater,025,Atsushi Ohkubo,Atsushi Ohkubo,Norma Editorial,spa,,,
La Noche y su Luna,Piper C.J.,,,Alfaguara,spa,,Pandora Hearts,001,Jun Mochizuki,Jun Mochizuki,Norma Editorial,spa,,,
Los Herederos de la Tierra,"Falcones, Ildefonso",,,DeBolsillo,spa,,Pandora Hearts,002,Jun Mochizuki,Jun Mochizuki,Norma Editorial,spa,,,
Hielo y Plata,Alena Pons,,,Blackie Books,spa,,Pandora Hearts,003,Jun Mochizuki,Jun Mochizuki,Norma Editorial,spa,,,
Os Dóus de Sempre,Alfonso R. Castelao,,,Galaxia,gal,,Pandora Hearts,004,Jun Mochizuki,Jun Mochizuki,Yen Press,en,,,
A Nosa Cinza,Xavier Alcalá,,,Galaxia,gal,,Pandora Hearts,005,Jun Mochizuki,Jun Mochizuki,Norma Editorial,spa,,,
No. 6,Atsuko Asano,,,,en,,Pandora Hearts,006,Jun Mochizuki,Jun Mochizuki,Norma Editorial,spa,,,
Heaven Official Blessing (Tian Guan Ci Fu) vol. 1,Mo Xiang Tong Xiu,Heaven Official Blessing (Tian Guan Ci Fu),1,Seven Seas,en,,Pandora Hearts,007,Jun Mochizuki,Jun Mochizuki,Norma Editorial,spa,,,
Heaven Official Blessing (Tian Guan Ci Fu) vol. 2,Mo Xiang Tong Xiu,Heaven Official Blessing (Tian Guan Ci Fu),2,Seven Seas,en,,Pandora Hearts,008,Jun Mochizuki,Jun Mochizuki,Norma Editorial,spa,,,
Heaven Official Blessing (Tian Guan Ci Fu) vol. 3,Mo Xiang Tong Xiu,Heaven Official Blessing (Tian Guan Ci Fu),3,Seven Seas,en,,Pandora Hearts,009,Jun Mochizuki,Jun Mochizuki,Yen Press,en,,,
Heaven Official Blessing (Tian Guan Ci Fu) vol. 4,Mo Xiang Tong Xiu,Heaven Official Blessing (Tian Guan Ci Fu),4,Seven Seas,en,,Pandora Hearts,010,Jun Mochizuki,Jun Mochizuki,Norma Editorial,spa,,,
Heaven Official Blessing (Tian Guan Ci Fu) vol. 5,Mo Xiang Tong Xiu,Heaven Official Blessing (Tian Guan Ci Fu),5,Seven Seas,en,,Pandora Hearts,011,Jun Mochizuki,Jun Mochizuki,Norma Editorial,spa,,,
Heaven Official Blessing (Tian Guan Ci Fu) vol. 6,Mo Xiang Tong Xiu,Heaven Official Blessing (Tian Guan Ci Fu),6,Seven Seas,en,,Pandora Hearts,012,Jun Mochizuki,Jun Mochizuki,Norma Editorial,spa,,,
Heaven Official Blessing (Tian Guan Ci Fu) vol. 7,Mo Xiang Tong Xiu,Heaven Official Blessing (Tian Guan Ci Fu),7,Seven Seas,en,,Pandora Hearts,013,Jun Mochizuki,Jun Mochizuki,Norma Editorial,spa,,,
Heaven Official Blessing (Tian Guan Ci Fu) vol. 8,Mo Xiang Tong Xiu,Heaven Official Blessing (Tian Guan Ci Fu),8,Seven Seas,en,,Pandora Hearts,014,Jun Mochizuki,Jun Mochizuki,Norma Editorial,spa,,,
Grandmaster of Demonic Cultivation (Mo Dao Zu Shi) vol. 1,Mo Xiang Tong Xiu,Grandmaster of Demonic Cultivation (Mo Dao Zu Shi),1,Seven Seas,en,,Pandora Hearts,015,Jun Mochizuki,Jun Mochizuki,Norma Editorial,spa,,,
Grandmaster of Demonic Cultivation (Mo Dao Zu Shi) vol. 2,Mo Xiang Tong Xiu,Grandmaster of Demonic Cultivation (Mo Dao Zu Shi),2,Seven Seas,en,,Pandora Hearts,016,Jun Mochizuki,Jun Mochizuki,Norma Editorial,spa,,,
Grandmaster of Demonic Cultivation (Mo Dao Zu Shi) vol. 3,Mo Xiang Tong Xiu,Grandmaster of Demonic Cultivation (Mo Dao Zu Shi),3,Seven Seas,en,,Pandora Hearts,017,Jun Mochizuki,Jun Mochizuki,Norma Editorial,spa,,,
Grandmaster of Demonic Cultivation (Mo Dao Zu Shi) vol. 4,Mo Xiang Tong Xiu,Grandmaster of Demonic Cultivation (Mo Dao Zu Shi),4,Seven Seas,en,,Pandora Hearts,018,Jun Mochizuki,Jun Mochizuki,Norma Editorial,spa,,,
Grandmaster of Demonic Cultivation (Mo Dao Zu Shi) vol. 5,Mo Xiang Tong Xiu,Grandmaster of Demonic Cultivation (Mo Dao Zu Shi),5,Seven Seas,en,,Pandora Hearts,019,Jun Mochizuki,Jun Mochizuki,Norma Editorial,spa,,,
Remnants of Filth (YUWU) vol. 1,Rou Bao Bu Chi Rou,Remnants of Filth (YUWU),1,Seven Seas,en,,Pandora Hearts,020,Jun Mochizuki,Jun Mochizuki,Norma Editorial,spa,,,
Remnants of Filth (YUWU) vol. 2,Rou Bao Bu Chi Rou,Remnants of Filth (YUWU),2,Seven Seas,en,,Pandora Hearts,021,Jun Mochizuki,Jun Mochizuki,Norma Editorial,spa,,,
Remnants of Filth (YUWU) vol. 3,Rou Bao Bu Chi Rou,Remnants of Filth (YUWU),3,Seven Seas,en,,Pandora Hearts,022,Jun Mochizuki,Jun Mochizuki,Norma Editorial,spa,,,
Remnants of Filth (YUWU) vol. 4,Rou Bao Bu Chi Rou,Remnants of Filth (YUWU),4,Seven Seas,en,,Pandora Hearts,023,Jun Mochizuki,Jun Mochizuki,Norma Editorial,spa,,,
Remnants of Filth (YUWU) vol. 5,Rou Bao Bu Chi Rou,Remnants of Filth (YUWU),5,Seven Seas,en,,Pandora Hearts,024,Jun Mochizuki,Jun Mochizuki,Norma Editorial,spa,,,
Remnants of Filth (YUWU) vol. 6,Rou Bao Bu Chi Rou,Remnants of Filth (YUWU),6,Seven Seas,en,,Wind Breaker,001,Satoru Nii,Satoru Nii,Distrito Manga,spa,,,
Remnants of Filth (YUWU) vol. 7,Rou Bao Bu Chi Rou,Remnants of Filth (YUWU),7,Seven Seas,en,,Wind Breaker,002,Satoru Nii,Satoru Nii,Distrito Manga,spa,,,
Japón con Jamón,Nekojitablog,,,Norma Editorial,spa,,Wind Breaker,003,Satoru Nii,Satoru Nii,Distrito Manga,spa,,,
Minna no Nihongo,3A Corporation,,,3A Network,jp,,Wind Breaker,004,Satoru Nii,Satoru Nii,Distrito Manga,spa,,,
KOI: Manual Básico de Japonés,Yoko Nakazawa,,,Satori Ediciones,spa,,Wind Breaker,005,Satoru Nii,Satoru Nii,Distrito Manga,spa,,,
Sugoi: Japonés para Viajeros,Takeshi Hirano,,,Satori Ediciones,spa,,Wind Breaker,006,Satoru Nii,Satoru Nii,Distrito Manga,spa,,,
Lo Mejor de Japón,VVAA,,,Lonely Planet,spa,,Wind Breaker,007,Satoru Nii,Satoru Nii,Distrito Manga,spa,,,
Cuentos,Edgar Allan Poe,,,RBA,spa,,Wind Breaker,008,Satoru Nii,Satoru Nii,Distrito Manga,spa,,,
La Tienda de Antigüedades,Charles Dickens,,,Blackie Books,spa,,Wind Breaker,009,Satoru Nii,Satoru Nii,Distrito Manga,spa,,,
Crimen y Castigo,Fiódor Dostoievski,,,,spa,,Wind Breaker,010,Satoru Nii,Satoru Nii,Distrito Manga,spa,,,
Relatos,Edgar Allan Poe,,,,spa,,Wind Breaker,011,Satoru Nii,Satoru Nii,Distrito Manga,spa,,,
El Escarabajo de Oro,Edgar Allan Poe,,,Anaya,spa,,Wind Breaker,012,Satoru Nii,Satoru Nii,Distrito Manga,spa,,,
El Principito,Antonine de Saint-Exupéry,,,Salamandra,spa,,Wind Breaker,013,Satoru Nii,Satoru Nii,Distrito Manga,spa,,,
1984,George Orwell,,,DeBolsillo,spa,,Wind Breaker,014,Satoru Nii,Satoru Nii,Distrito Manga,spa,,,
Don Quijote de la Mancha,Miguel de Cervantes,,,Santillana,spa,,Wind Breaker,015,Satoru Nii,Satoru Nii,Distrito Manga,spa,,,
Viaje al Centro de la Tierra,Julio Verne,,,,spa,,Given,001,Natsuki Kizu,Natsuki Kizu,Milky Way Ediciones,spa,,,
De la Tierra a la Luna,Julio Verne,,,,spa,,Given,002,Natsuki Kizu,Natsuki Kizu,Milky Way Ediciones,spa,,,
La Vuelta al Mundo en Ochenta Días,Julio Verne,,,,spa,,Given,003,Natsuki Kizu,Natsuki Kizu,Milky Way Ediciones,spa,,,
El Viejo y el Mar,Ernest Hemingway,,,DeBolsillo,spa,,Given,004,Natsuki Kizu,Natsuki Kizu,Milky Way Ediciones,spa,,,
A Christmas Carol,Charles Dickens,,,,en,,Given,005,Natsuki Kizu,Natsuki Kizu,Milky Way Ediciones,spa,,,
La Luz que no Puedes Ver,Anthony Doerr,,,DeBolsillo,spa,,Given,006,Natsuki Kizu,Natsuki Kizu,Milky Way Ediciones,spa,,,
El Prisma Negro,"Weeks, Brent",El Portador de la Luz,1,DeBolsillo,spa,,Given,007,Natsuki Kizu,Natsuki Kizu,Milky Way Ediciones,spa,,,
La Daga de la Ceguera,"Weeks, Brent",El Portador de la Luz,2,DeBolsillo,spa,,Given,008,Natsuki Kizu,Natsuki Kizu,Milky Way Ediciones,spa,,,
El Ojo Fragmentado,"Weeks, Brent",El Portador de la Luz,3,DeBolsillo,spa,,Given,009,Natsuki Kizu,Natsuki Kizu,Milky Way Ediciones,spa,,,
Forjada en la Tormenta,David B. Gil,,,DeBolsillo,spa,,Given,010,Natsuki Kizu,Natsuki Kizu,Milky Way Ediciones,spa,,,
Ocho Millones de Dioses,David B. Gil,,,DeBolsillo,spa,,Given,Links,Natsuki Kizu,Natsuki Kizu,Milky Way Ediciones,spa,,,
El Guerrero a la Sombra del Cerezo,David B. Gil,,,DeBolsillo,spa,,Given,Illustrations,Natsuki Kizu,Natsuki Kizu,Milky Way Ediciones,spa,,,
Your name,Makoto Shinkai,,,Planeta,spa,,Algo entre Nosotros,001,Hagi,Hagi,Milky Way Ediciones,spa,,,
El Libro de la Oscuridad,"Pullman, Phillip",La Bella Salvaje,1,,spa,,El Dios y el Mensajero Incapaz de Volar,001,Hagi,Hagi,Milky Way Ediciones,spa,,,
Beyond the Wand,Tom Felton,,,Penguin,en,,Link Click,001,Li Haoling,Li Haoling,Norma Editorial,spa,,,
Mi Vecino Miyazaki,Álvaro Lopez; Marta García,,,Diábolo Ediciones,spa,,Link Click,002,Li Haoling,Li Haoling,Norma Editorial,spa,,,
The Husky and his White Cat Shizun vol. 1,Rou Bao Bu Chi Rou,The Husky and his White Cat Shizun (Erha he ta de bai mao Shizun),1,Seven Seas,en,,Link Click,003,Li Haoling,Li Haoling,Norma Editorial,spa,,,
The Husky and his White Cat Shizun vol. 2,Rou Bao Bu Chi Rou,The Husky and his White Cat Shizun (Erha he ta de bai mao Shizun),2,Seven Seas,en,,Link Click,004,Li Haoling,Li Haoling,Norma Editorial,spa,,,
The Husky and his White Cat Shizun vol. 3,Rou Bao Bu Chi Rou,The Husky and his White Cat Shizun (Erha he ta de bai mao Shizun),3,Seven Seas,en,,Link Click,005,Li Haoling,Li Haoling,Norma Editorial,spa,,,
The Husky and his White Cat Shizun vol. 4,Rou Bao Bu Chi Rou,The Husky and his White Cat Shizun (Erha he ta de bai mao Shizun),4,Seven Seas,en,,Puedo Oír el Sol,001,Yuki Fumino,Yuki Fumino,Milky Way Ediciones,spa,,,
The Husky and his White Cat Shizun vol. 5,Rou Bao Bu Chi Rou,The Husky and his White Cat Shizun (Erha he ta de bai mao Shizun),5,Seven Seas,en,,Puedo Oír el Sol,002,Yuki Fumino,Yuki Fumino,Milky Way Ediciones,spa,,,
The Husky and his White Cat Shizun vol. 6,Rou Bao Bu Chi Rou,The Husky and his White Cat Shizun (Erha he ta de bai mao Shizun),6,Seven Seas,en,,Puedo Oír el Sol,003,Yuki Fumino,Yuki Fumino,Milky Way Ediciones,spa,,,
The Husky and his White Cat Shizun vol. 7,Rou Bao Bu Chi Rou,The Husky and his White Cat Shizun (Erha he ta de bai mao Shizun),7,Seven Seas,en,,Puedo Oír el Sol,004,Yuki Fumino,Yuki Fumino,Milky Way Ediciones,spa,,,
The Husky and his White Cat Shizun vol. 8,Rou Bao Bu Chi Rou,The Husky and his White Cat Shizun (Erha he ta de bai mao Shizun),8,Seven Seas,en,,Puedo Oír el Sol,005,Yuki Fumino,Yuki Fumino,Milky Way Ediciones,spa,,,
The Husky and his White Cat Shizun vol. 9,Rou Bao Bu Chi Rou,The Husky and his White Cat Shizun (Erha he ta de bai mao Shizun),9,Seven Seas,en,,Puedo Oír el Sol,006,Yuki Fumino,Yuki Fumino,Milky Way Ediciones,spa,,,
The Husky and his White Cat Shizun vol. 10,Rou Bao Bu Chi Rou,The Husky and his White Cat Shizun (Erha he ta de bai mao Shizun),10,Seven Seas,en,,Puedo Oír el Sol,007,Yuki Fumino,Yuki Fumino,Milky Way Ediciones,spa,,,
The Husky and his White Cat Shizun vol. 11,Rou Bao Bu Chi Rou,The Husky and his White Cat Shizun (Erha he ta de bai mao Shizun),11,Seven Seas,en,,Puedo Oír el Sol,008,Yuki Fumino,Yuki Fumino,Milky Way Ediciones,spa,,,
Genshin Impact Artbook: Mondstadt and Liyue,miHoYo / HoYoverse,Genshin Impact Artbook,1,Tianwen Kadokawa,cn,,Puedo Oír el Sol,009,Yuki Fumino,Yuki Fumino,Milky Way Ediciones,spa,,,
Genshin Impact Artbook: Inazuma,miHoYo / HoYoverse,Genshin Impact Artbook,2,Tianwen Kadokawa,cn,,Antiguos Alumnos,001,Asumiko Nakamura,Asumiko Nakamura,Tomodomo,spa,,,
Genshin Impact Artbook: Sumeru,miHoYo / HoYoverse,Genshin Impact Artbook,3,Tianwen Kadokawa,cn,,Antiguos Alumnos,002,Asumiko Nakamura,Asumiko Nakamura,Tomodomo,spa,,,
Thousand Autumns vol. 1,Meng Xi Shi,Thousand Autumns (Qian Qiu),1,Seven Seas,en,,En la Misma Clase,001,Asumiko Nakamura,Asumiko Nakamura,Tomodomo,spa,,,
Thousand Autumns vol. 2,Meng Xi Shi,Thousand Autumns (Qian Qiu),2,Seven Seas,en,,En la Misma Clase,002,Asumiko Nakamura,Asumiko Nakamura,Tomodomo,spa,,,
Thousand Autumns vol. 3,Meng Xi Shi,Thousand Autumns (Qian Qiu),3,Seven Seas,en,,En la Misma Clase,003,Asumiko Nakamura,Asumiko Nakamura,Tomodomo,spa,,,
Thousand Autumns vol. 4,Meng Xi Shi,Thousand Autumns (Qian Qiu),4,Seven Seas,en,,Seven Days,001,Venio Tachibana,Venio Tachibana,Tomodomo,spa,,,
Thousand Autumns vol. 5,Meng Xi Shi,Thousand Autumns (Qian Qiu),5,Seven Seas,en,,Seven Days,002,Venio Tachibana,Venio Tachibana,Tomodomo,spa,,,
Guardian vol. 1,priest,Guardian (Zhen Hun),1,Seven Seas,en,,Senpai,001,Bikke,Bikke,Tomodomo,spa,,,
Guardian vol. 2,priest,Guardian (Zhen Hun),2,Seven Seas,en,,Boy Meets Maria,001,Peyo,Peyo,Milky Way Ediciones,spa,,,
Guardian vol. 3,priest,Guardian (Zhen Hun),3,Seven Seas,en,,Noragami,001,Adachitoka,Adachitoka,Norma Editorial,spa,,,
Ballad of Sword and Wine vol. 1,Tang Jiu Qing,Ballad of Sword and Wine (Qiang Jin Jiu),1,Seven Seas,en,,Noragami,002,Adachitoka,Adachitoka,Norma Editorial,spa,,,
Ballad of Sword and Wine vol. 2,Tang Jiu Qing,Ballad of Sword and Wine (Qiang Jin Jiu),2,Seven Seas,en,,Noragami,003,Adachitoka,Adachitoka,Norma Editorial,spa,,,
Ballad of Sword and Wine vol. 3,Tang Jiu Qing,Ballad of Sword and Wine (Qiang Jin Jiu),3,Seven Seas,en,,Noragami,004,Adachitoka,Adachitoka,Norma Editorial,spa,,,
Ballad of Sword and Wine vol. 4,Tang Jiu Qing,Ballad of Sword and Wine (Qiang Jin Jiu),4,Seven Seas,en,,Noragami,005,Adachitoka,Adachitoka,Norma Editorial,spa,,,
Ballad of Sword and Wine vol. 5,Tang Jiu Qing,Ballad of Sword and Wine (Qiang Jin Jiu),5,Seven Seas,en,,Noragami,006,Adachitoka,Adachitoka,Norma Editorial,spa,,,
Ballad of Sword and Wine vol. 6,Tang Jiu Qing,Ballad of Sword and Wine (Qiang Jin Jiu),6,Seven Seas,en,,Noragami,007,Adachitoka,Adachitoka,Norma Editorial,spa,,,
Ballad of Sword and Wine vol. 7,Tang Jiu Qing,Ballad of Sword and Wine (Qiang Jin Jiu),7,Seven Seas,en,,Noragami,008,Adachitoka,Adachitoka,Norma Editorial,spa,,,
Osamu Dazai's Entrance Exam,Kafka Asagiri,Bungo Stray Dogs: Light novels,1,Yen ON,en,,Noragami,009,Adachitoka,Adachitoka,Norma Editorial,spa,,,
Osamu Dazai and the Dark Era,Kafka Asagiri,Bungo Stray Dogs: Light novels,2,Yen ON,en,,Noragami,010,Adachitoka,Adachitoka,Norma Editorial,spa,,,
The Untold Origins of the Detective Agency,Kafka Asagiri,Bungo Stray Dogs: Light novels,3,Yen ON,en,,Noragami,011,Adachitoka,Adachitoka,Norma Editorial,spa,,,
55 minutes,Kafka Asagiri,Bungo Stray Dogs: Light novels,4,Yen ON,en,,Noragami,012,Adachitoka,Adachitoka,Norma Editorial,spa,,,
Dead Apple,Kafka Asagiri,Bungo Stray Dogs: Light novels,5,Yen ON,en,,Noragami,013,Adachitoka,Adachitoka,Norma Editorial,spa,,,
Beast,Kafka Asagiri,Bungo Stray Dogs: Light novels,6,Yen ON,en,,Noragami,014,Adachitoka,Adachitoka,Norma Editorial,spa,,,
"Dazai, Chuuya, Age Fifteen",Kafka Asagiri,Bungo Stray Dogs: Light novels,7,Yen ON,en,,Noragami,015,Adachitoka,Adachitoka,Norma Editorial,spa,,,
Stormbringer,Kafka Asagiri,Bungo Stray Dogs: Light novels,8,Yen ON,en,,Noragami,016,Adachitoka,Adachitoka,Norma Editorial,spa,,,
The Day I took in Dazai,Kafka Asagiri,Bungo Stray Dogs: Light novels,9,Yen ON,en,,Noragami,017,Adachitoka,Adachitoka,Norma Editorial,spa,,,
Bungo Stray Dogs: Novel Version,Kafka Asagiri,Bungo Stray Dogs: Light novels,,Yen ON,en,,Noragami,018,Adachitoka,Adachitoka,Norma Editorial,spa,,,
Another Story,Kafka Asagiri,Bungo Stray Dogs: Light novels,,Yen ON,en,,Noragami,019,Adachitoka,Adachitoka,Norma Editorial,spa,,,
Heike Monogatari,,,,Satori Ediciones,spa,,Noragami,020,Adachitoka,Adachitoka,Norma Editorial,spa,,,
"El Dragón, Rashomon y otros cuentos",Akutagawa Ryunosuke,,,,spa,,Noragami,021,Adachitoka,Adachitoka,Norma Editorial,spa,,,
Kokoro,Natsume Soseki,,,Impedimenta,spa,,Noragami,022,Adachitoka,Adachitoka,Norma Editorial,spa,,,
El Señor de los Anillos,"Tolkien, John Ronald Reuel",El Señor de los Anillos,,Minotauro,spa,Ilustrado por el autor,Noragami,023,Adachitoka,Adachitoka,Norma Editorial,spa,,,
The Fellowship of the Ring,"Tolkien, John Ronald Reuel",The Lord of the Rings,1,HarperCollins,en,,Noragami,024,Adachitoka,Adachitoka,Norma Editorial,spa,,,
The Two Towers,"Tolkien, John Ronald Reuel",The Lord of the Rings,2,HarperCollins,en,,Noragami,025,Adachitoka,Adachitoka,Norma Editorial,spa,,,
The Return of the King,"Tolkien, John Ronald Reuel",The Lord of the Rings,3,HarperCollins,en,,Noragami,026,Adachitoka,Adachitoka,Norma Editorial,spa,,,
The Lord of the Rings: A Reader's Companion,Wayne G. Hammond; Christina Scull,,,HarperCollins,en,,Noragami,027,Adachitoka,Adachitoka,Norma Editorial,spa,,,
El Hobbit,"Tolkien, John Ronald Reuel",The Lord of the Rings,0,Booket,spa,,Noragami,Historias cortas,Adachitoka,Adachitoka,Norma Editorial,spa,,,
Underground,Haruki Murakami,,,Tusquets Editores,spa,,Fullmetal Alchemist,001,Hiromu Arokawa,Hiromu Arokawa,Norma Editorial,spa,,,
1Q84,Haruki Murakami,1Q85,1,Tusquets Editores,spa,,Fullmetal Alchemist,002,Hiromu Arokawa,Hiromu Arokawa,Norma Editorial,spa,,,
1Q85,Haruki Murakami,1Q86,2,Tusquets Editores,spa,,Fullmetal Alchemist,003,Hiromu Arokawa,Hiromu Arokawa,Norma Editorial,spa,,,
1Q86,Haruki Murakami,1Q87,3,Tusquets Editores,spa,,Fullmetal Alchemist,004,Hiromu Arokawa,Hiromu Arokawa,Norma Editorial,spa,,,
El Fin del Mundo y un Despiadado País de las Maravillas,Haruki Murakami,,,Tusquets Editores,spa,,Fullmetal Alchemist,005,Hiromu Arokawa,Hiromu Arokawa,Norma Editorial,spa,,,
La Crónica del Pájaro que Da Cuerda al Mundo,Haruki Murakami,,,Tusquets Editores,spa,,Fullmetal Alchemist,006,Hiromu Arokawa,Hiromu Arokawa,Norma Editorial,spa,,,
Tokio Blues. Norwegian Wood,Haruki Murakami,,,Tusquets Editores,spa,,Fullmetal Alchemist,007,Hiromu Arokawa,Hiromu Arokawa,Norma Editorial,spa,,,
Después del Terremoto,Haruki Murakami,,,Tusquets Editores,spa,,Fullmetal Alchemist,008,Hiromu Arokawa,Hiromu Arokawa,Norma Editorial,spa,,,
Primera Persona del Singular,Haruki Murakami,,,Tusquets Editores,spa,,Fullmetal Alchemist,009,Hiromu Arokawa,Hiromu Arokawa,Norma Editorial,spa,,,
Los Años de Peregrinación del Mundo sin Color,Haruki Murakami,,,Tusquets Editores,spa,,Fullmetal Alchemist,010,Hiromu Arokawa,Hiromu Arokawa,Norma Editorial,spa,,,
After Dark,Haruki Murakami,,,Tusquets Editores,spa,,Fullmetal Alchemist,011,Hiromu Arokawa,Hiromu Arokawa,Norma Editorial,spa,,,
La Muerte del Comendador,Haruki Murakami,La Muerte del Comendador,1,Tusquets Editores,spa,,Fullmetal Alchemist,012,Hiromu Arokawa,Hiromu Arokawa,Norma Editorial,spa,,,
Harry Potter y La Piedra Filosofal,"Rowling, J. K.",Harry Potter,1,Salamandra,spa,Ed. Especial Hufflepuff,Fullmetal Alchemist,013,Hiromu Arokawa,Hiromu Arokawa,Norma Editorial,spa,,,
Harry Potter y la Cámara de los Secretos,"Rowling, J. K.",Harry Potter,2,Salamandra,spa,Ed. Especial Hufflepuff,Fullmetal Alchemist,014,Hiromu Arokawa,Hiromu Arokawa,Norma Editorial,spa,,,
Harry Potter y el Prisionero de Azkaban,"Rowling, J. K.",Harry Potter,3,Salamandra,spa,Ed. Especial Hufflepuff,Fullmetal Alchemist,015,Hiromu Arokawa,Hiromu Arokawa,Norma Editorial,spa,,,
Harry Potter y el Cáliz de Fuego,"Rowling, J. K.",Harry Potter,4,Salamandra,spa,Ed. Especial Hufflepuff,Fullmetal Alchemist,016,Hiromu Arokawa,Hiromu Arokawa,Norma Editorial,spa,,,
Harry Potter y la Órden del Fénix,"Rowling, J. K.",Harry Potter,5,Salamandra,spa,Ed. Especial Hufflepuff,Fullmetal Alchemist,017,Hiromu Arokawa,Hiromu Arokawa,Norma Editorial,spa,,,
Harry Potter y el Misterio del Príncipe,"Rowling, J. K.",Harry Potter,6,Salamandra,spa,Ed. Especial Hufflepuff,Fullmetal Alchemist,018,Hiromu Arokawa,Hiromu Arokawa,Norma Editorial,spa,,,
Harry Potter y las Reliquias de la Muerte,"Rowling, J. K.",Harry Potter,7,Salamandra,spa,Ed. Especial Hufflepuff,Fullmetal Alchemist,019,Hiromu Arokawa,Hiromu Arokawa,Norma Editorial,spa,,,
Harry Potter y La Piedra Filosofal,"Rowling, J. K.",Harry Potter,1,Salamandra,spa,Minalima,Fullmetal Alchemist,020,Hiromu Arokawa,Hiromu Arokawa,Norma Editorial,spa,,,
Harry Potter y la Cámara de los Secretos,"Rowling, J. K.",Harry Potter,2,Salamandra,spa,Minalima,Fullmetal Alchemist,021,Hiromu Arokawa,Hiromu Arokawa,Norma Editorial,spa,,,
Harry Potter y el Prisionero de Azkaban,"Rowling, J. K.",Harry Potter,3,Salamandra,spa,Minalima,Fullmetal Alchemist,022,Hiromu Arokawa,Hiromu Arokawa,Norma Editorial,spa,,,
Los Cuentos de Beedle el Bardo,"Rowling, J. K.",Harry Potter,,Salamandra,spa,,Fullmetal Alchemist,023,Hiromu Arokawa,Hiromu Arokawa,Norma Editorial,spa,,,
Quidditch a Través de los Tiempos,"Rowling, J. K.",Harry Potter,,Whizz Hard Books,spa,,Fullmetal Alchemist,024,Hiromu Arokawa,Hiromu Arokawa,Norma Editorial,spa,,,
Animales Fantásticos y Dónde Encontrarlos,"Rowling, J. K.",Harry Potter,,Salamandra,spa,,Fullmetal Alchemist,025,Hiromu Arokawa,Hiromu Arokawa,Norma Editorial,spa,,,
Estudio en Escarlata,"Conan Doyle, Sir Arthur",The Sherlock Holmes Collection,,RBA,spa,,Fullmetal Alchemist,026,Hiromu Arokawa,Hiromu Arokawa,Norma Editorial,spa,,,
El Signo de los Cuatro,"Conan Doyle, Sir Arthur",The Sherlock Holmes Collection,,RBA,spa,,Fullmetal Alchemist,027,Hiromu Arokawa,Hiromu Arokawa,Norma Editorial,spa,,,
Escándalo en Bohemia,"Conan Doyle, Sir Arthur",The Sherlock Holmes Collection,,RBA,spa,,Atelier of Witch Hat: Ed. Grimorio,001,Kamome Shirahama,Kamome Shirahama,Milky Way Ediciones,spa,,,
Estrella de Plata,"Conan Doyle, Sir Arthur",The Sherlock Holmes Collection,,RBA,spa,,Atelier of Witch Hat: Ed. Grimorio,002,Kamome Shirahama,Kamome Shirahama,Milky Way Ediciones,spa,,,
El Carbunclo Azul,"Conan Doyle, Sir Arthur",The Sherlock Holmes Collection,,RBA,spa,,Atelier of Witch Hat: Ed. Grimorio,003,Kamome Shirahama,Kamome Shirahama,Milky Way Ediciones,spa,,,
El Problema Final,"Conan Doyle, Sir Arthur",The Sherlock Holmes Collection,,RBA,spa,,El Arte de Atelier of Witch Hat,001,Kamome Shirahama,Kamome Shirahama,Milky Way Ediciones,spa,,,
El Sabueso de los Baskerville,"Conan Doyle, Sir Arthur",The Sherlock Holmes Collection,,RBA,spa,,Bungo Stray Dogs,001,Kafka Asagiri,Sango Harukawa,Norma Editorial,spa,,,
La Casa Vacía,"Conan Doyle, Sir Arthur",The Sherlock Holmes Collection,,RBA,spa,,Bungo Stray Dogs,002,Kafka Asagiri,Sango Harukawa,Norma Editorial,spa,,,
El Enigma de la Mesa de Juego,"Conan Doyle, Sir Arthur",The Sherlock Holmes Collection,,RBA,spa,,Bungo Stray Dogs,003,Kafka Asagiri,Sango Harukawa,Norma Editorial,spa,,,
El Vestido de la Reina,"Conan Doyle, Sir Arthur",The Sherlock Holmes Collection,,RBA,spa,,Bungo Stray Dogs,004,Kafka Asagiri,Sango Harukawa,Norma Editorial,spa,,,
El Pabellón Wisteria,"Conan Doyle, Sir Arthur",The Sherlock Holmes Collection,,RBA,spa,,Bungo Stray Dogs,005,Kafka Asagiri,Sango Harukawa,Norma Editorial,spa,,,
El Valle del Terror,"Conan Doyle, Sir Arthur",The Sherlock Holmes Collection,,RBA,spa,,Bungo Stray Dogs,006,Kafka Asagiri,Sango Harukawa,Norma Editorial,spa,,,
La Piedra de Mazarino,"Conan Doyle, Sir Arthur",The Sherlock Holmes Collection,,RBA,spa,,Bungo Stray Dogs,007,Kafka Asagiri,Sango Harukawa,Norma Editorial,spa,,,
El Santo del Monte Koya,Izumi Kyoka,,,Satori Ediciones,spa,,Bungo Stray Dogs,008,Kafka Asagiri,Sango Harukawa,Norma Editorial,spa,,,
Sobre el Dragón del Abismo,Izumi Kyoka,,,Satori Ediciones,spa,,Bungo Stray Dogs,009,Kafka Asagiri,Sango Harukawa,Norma Editorial,spa,,,
El Futón,Tayama Katai,,,Satori Ediciones,spa,,Bungo Stray Dogs,010,Kafka Asagiri,Sango Harukawa,Norma Editorial,spa,,,
El Gorrión de Java,Natsume Soseki,,,Satori Ediciones,spa,,Bungo Stray Dogs,011,Kafka Asagiri,Sango Harukawa,Norma Editorial,spa,,,
Daisuke,Natsume Soseki,,,Impedimenta,spa,,Bungo Stray Dogs,012,Kafka Asagiri,Sango Harukawa,Norma Editorial,spa,,,
Soy un Gato,Natsume Soseki,,,Impedimenta,spa,,Bungo Stray Dogs,013,Kafka Asagiri,Sango Harukawa,Norma Editorial,spa,,,
Kokoro,Natsume Soseki,,,Satori Ediciones,spa,,Bungo Stray Dogs,014,Kafka Asagiri,Sango Harukawa,Norma Editorial,spa,,,
El Signo de los Tiempos,Oda Sakunosuke,,,Satori Ediciones,spa,,Bungo Stray Dogs,015,Kafka Asagiri,Sango Harukawa,Norma Editorial,spa,,,
Sobre la Decadencia,Sakaguchi Ango,,,Satori Ediciones,spa,,Bungo Stray Dogs,016,Kafka Asagiri,Sango Harukawa,Norma Editorial,spa,,,
Tormenta de Flores,Osamu Dazai,,,Satori Ediciones,spa,,Bungo Stray Dogs,017,Kafka Asagiri,Sango Harukawa,Norma Editorial,spa,,,
Indigno de Ser Humano,Osamu Dazai,,,Satori Ediciones,spa,,Bungo Stray Dogs,018,Kafka Asagiri,Sango Harukawa,Norma Editorial,spa,,,
Indigno de Ser Humano,Osamu Dazai,,,Al Margen - Sajalín editores,spa,,Bungo Stray Dogs,019,Kafka Asagiri,Sango Harukawa,Norma Editorial,spa,,,
Ocho Escenas de Tokio,Osamu Dazai,,,Al Margen - Sajalín editores,spa,,Bungo Stray Dogs,020,Kafka Asagiri,Sango Harukawa,Norma Editorial,spa,,,
El Declive,Osamu Dazai,,,Al Margen - Sajalín editores,spa,,Bungo Stray Dogs,021,Kafka Asagiri,Sango Harukawa,Norma Editorial,spa,,,
Repudiados,Osamu Dazai,,,Al Margen - Sajalín editores,spa,,Bungo Stray Dogs,022,Kafka Asagiri,Sango Harukawa,Norma Editorial,spa,,,
La Caja de Pandora,Osamu Dazai,,,Ediciones Sajalín,spa,,Bungo Stray Dogs: Another Story,001,Kafka Asagiri,Sango Harukawa; Oyoyo,Yen Press,en,,,
Cuentos de Cabecera,Osamu Dazai,,,Satori Ediciones,spa,,Bungo Stray Dogs: Raku-gaki Techo,001,Kafka Asagiri,Sango Harukawa,Kadokawa Shoten,jp,,,
Recuerdos,Osamu Dazai,,,Satori Ediciones,spa,,Death Note: Black Edition,001,Tsugumi Ohba,Takeshi Obata,Norma Editorial,spa,,,
La Felicidad de la Familia,Osamu Dazai,,,Candaya,spa,,Death Note: Black Edition,002,Tsugumi Ohba,Takeshi Obata,Norma Editorial,spa,,,
The Poems of Nakahara Chuuya,Chuuya Nakahara,,,Gracewing,en,,Death Note: Black Edition,003,Tsugumi Ohba,Takeshi Obata,Norma Editorial,spa,,,
Abrazado a las Estrellas,Chuuya Nakahara,,,Satori Ediciones,spa,,Death Note: Black Edition,004,Tsugumi Ohba,Takeshi Obata,Norma Editorial,spa,,,
Triste y Bello,Chuuya Nakahara,,,Satori Ediciones,spa,,Death Note: Black Edition,005,Tsugumi Ohba,Takeshi Obata,Norma Editorial,spa,,,
Rashomon y otros relatos históricos,Akutagawa Ryunosuke,,,Satori Ediciones,spa,,Death Note: Black Edition,006,Tsugumi Ohba,Takeshi Obata,Norma Editorial,spa,,,
El Tabaco y el Diablo,Akutagawa Ryunosuke,,,Satori Ediciones,spa,,Sherlock: Estudio en Rosa,001,Steven Moffat; Mark Gatiss,Jay,Norma Editorial,spa,,,
Vida de un Idiota,Akutagawa Ryunosuke,,,Satori Ediciones,spa,,Sherlock: El Banquero Ciego,002,Steven Moffat; Mark Gatiss,Jay,Norma Editorial,spa,,,
Crímenes selectos,Edogawa Ranpo,,,Satori Ediciones,spa,,Sherlock: El Gran Juego,003,Steven Moffat; Mark Gatiss,Jay,Norma Editorial,spa,,,
Musashino,Kunikida Doppo,,,Chidori Books,spa,,,,,,,,,,
El Tren Nocturno de la Vía Láctea,Miyazawa Kenji,,,Satori Ediciones,spa,,,,,,,,,,
Juventud,Mori Ogai,,,Satori Ediciones,spa,,,,,,,,,,
El Vuelo del Ave Fénix,Akiko Yosano,,,Satori Ediciones,spa,,,,,,,,,,
El Elogio de la Sombra,Juniichiro Tanizaki,,,Satori Ediciones,spa,,,,,,,,,,
Un Día de Nieve,Higuchi Ichiyo,,,Satori Ediciones,spa,,,,,,,,,,
Crónicas del Gato Viajero,Hiro Arikawa,,,,spa,,,,,,,,,,
El Pequeño Estudio de los Recuerdos Perdidos,Sanaka Hiiragi,,,Grijalbo,spa,,,,,,,,,,
De Pronto Oigo la Voz del Agua,Hiromi Kawakami,,,Alfaguara,spa,,,,,,,,,,
¿Cómo vives?,Genzaburo Yoshino,,,,spa,,,,,,,,,,
La Luz del Norte,Hideo Yokohama,,,Salamandra,spa,,,,,,,,,,
Si Pudiera Cambiarlos,,,,Satori Ediciones,spa,,,,,,,,,,
Un Lugar Desconocido,Seicho Matsumoto,,,,spa,,,,,,,,,,
El Castillo de Arena,Seicho Matsumoto,,,,spa,,,,,,,,,,
Antes de que se enfríe el café,Toshikazu Kawaguchi,,,DeBolsillo,spa,,,,,,,,,,
El gato que amaba los libros,Sosuke Natsukawa,,,DeBolsillo,spa,,,,,,,,,,
Los Misterios de la Taberna Kamogawa,Hisashi Kashiwai,Taberna Kamogawa,1,DeBolsillo,spa,,,,,,,,,,
Mis días en la librería Morisaki,Satoshi Yagisawa,La Librería Morisaki,1,,spa,,,,,,,,,,
Una velada en la librería Morisaki,Satoshi Yagisawa,La Librería Morisaki,2,,spa,,,,,,,,,,
Los sueños de la primavera,Teru Miyamoto,,,,spa,,,,,,,,,,
Territorio de Luz,Yuko Tsushima,,,Impedimenta,spa,,,,,,,,,,
El lenguaje de las flores,Alex Pler,,,Satori Ediciones,spa,,,,,,,,,,
Folk tales of Japan,Kyota Ko,,,,en,,,,,,,,,,
Kokoro,Lafcadio Hearn,,,Satori Ediciones,spa,,,,,,,,,,
Cien aspectos de la luna,Yoshitoshi,,,,spa,,,,,,,,,,
Kanjiru; La magia de los Kanji,Takeshi Hirano,,,Satori Ediciones,spa,,,,,,,,,,
Shiawase-do,Alex Pler,,,Satori Ediciones,spa,,,,,,,,,,
Mitos y leyendas de Japón,Frederick Hadland Davis,,,Satori Ediciones,spa,,,,,,,,,,
Cuentos tradicionales de Japón,Richard Gordon Smith,,,Satori Ediciones,spa,,,,,,,,,,
Kojiki: Crónicas de antiguos hechos de Japón,,,,,spa,,,,,,,,,,
Cuentos de un pasado lejano,VVAA,,,Satori Ediciones,spa,,,,,,,,,,
El Código del Samurai,Inazo Nitobe,,,,spa,,,,,,,,,,
